time,vet1,vet2,vet3,vet4,vet5,vet6,vet7,vet8,vet9,vet10
0,0,2.46538285144842,3.86468903413685,0,2.80617997398389,2.32221929473392,3.55702572238638,0,1.07918124604762,0
0.05,0,2.33445375115093,3.70346334188329,0,2.65321251377534,2.17318626841227,5.11069406310185,0,0.845098040014257,0
0.1,0,2.18752072083646,3.54777470538782,0,2.47712125471966,2.02530586526477,4.95429076170113,0,5.10008436797745,0
0.15,0,2.07188200730613,3.38649896555065,0,2.26951294421792,1.82607480270083,4.79958864685073,0,4.94523709668385,0
0.2,0,1.84509804001426,3.22891340599469,0,5.10247143894967,1.66275783168157,5.2313599835095,0,4.78903044537018,0
0.25,0,1.69897000433602,3.07261747654524,0,4.94853521616136,1.50514997831991,5.07780379807609,0,4.63361992723673,0
0.3,0,1.5910646070265,2.90794852161227,0,4.7946344133904,1.32221929473392,4.92325956588714,0,4.47911442854319,0
0.35,0,1.34242268082221,2.77085201164214,0,4.64203892082062,1.20411998265592,4.76818655545666,0,4.32329336134524,0
0.4,0,1.20411998265592,2.61804809671209,0,4.48476947771617,1.04139268515822,4.61348240281642,5.10021886024085,4.16571902980083,0
0.45,0,1.07918124604762,2.47567118832443,0,4.32795121456819,5.10028436702781,4.45744284072842,4.94576392311117,4.00962084081432,0
0.5,0,0.903089986991943,2.3384564936046,0,5.1508239574287,4.94473922491544,4.30055200879288,4.7912413885087,3.85107480522889,0
0.55,0,0.778151250383644,2.20411998265592,0,4.99603859397973,4.7906158620921,4.13678396318336,4.63530275307114,3.70070371714502,0
0.6,0,0.698970004336019,5.10167835102797,0,4.841490865333,4.63586559719034,3.98452731334379,4.48141396125374,3.54157924394658,0
0.65,0,0.602059991327962,4.94581312658734,0,5.24356136832371,4.48138529211277,5.124442271503,4.32557723194042,3.38363586836188,0
0.7,0,0.602059991327962,4.79077057044896,0,5.08889765171697,4.32271534787969,4.96889836496045,4.17137536674494,3.23426412437879,0
0.75,0,0.477121254719662,4.63581537289752,0,4.93433682322462,4.16473938429143,4.81418764296918,4.02168535221571,3.09377178149873,0
0.8,0,0,4.47984872740949,0,4.77868655021091,4.01422642938923,4.66133934000604,3.87180636445873,2.93751789201735,0
0.85,0,0,4.32539250001726,0,4.62479757896076,3.85497367372642,4.50527210646947,3.71307032585564,2.78532983501077,0
0.9,0,0,4.17222334142775,0,4.46846548970602,3.70217195085771,4.3489470659256,3.55678478230702,2.61066016308988,0
0.95,0,0,4.01715859848781,0,4.31279069214644,3.54641926683519,4.19387561215236,5.11202824024339,2.46089784275655,0
1,0,0,3.86468903413685,0,4.15956719323362,3.40483371661994,4.04032537919972,4.95589450798554,2.32837960343874,0
1.05,0,0,3.71239713140671,0,3.99882581904029,3.24625231229932,3.88806711340744,4.80145173360809,2.12710479836481,0
1.1,0,0,3.55822842180333,0,3.84048248721344,3.08600370561838,3.7356787259059,4.64604084563489,1.93449845124357,0
1.15,0,0,3.40756084948636,0,3.69661845923222,2.92116605063774,3.58297192910481,4.4899444243598,1.80617997398389,0
1.2,0,0,3.25575478664304,0,3.54949371321501,2.74973631556906,3.41796964221474,4.33629959576342,1.56820172406699,0
1.25,0,0,3.10414555055401,0,3.40346370134532,2.58658730467175,3.27160930137883,4.17242777715146,1.32221929473392,0
1.3,0,0,2.94890176097021,0,3.25430633233129,2.42324587393681,3.12580645813953,4.01828430842653,1.11394335230684,0
1.35,0,0,2.77158748088126,0,3.10311925354571,2.2718416065365,2.9712758487381,3.86189269039145,1.04139268515822,0
1.4,5.10096642934907,0,2.62013605497376,0,2.94200805302231,2.12057393120585,2.82801506422398,3.70432214082223,0.954242509439325,0
1.45,4.94785506737821,5.10188448716754,2.43136376415899,0,5.105189880947,1.94939000664491,2.67851837904011,3.55181582235102,0.903089986991943,0
1.5,4.79281177124815,4.94805579758485,2.23044892137827,0,4.95032590245162,1.76342799356294,2.51982799377572,3.39567578526994,0.477121254719662,0
1.55,4.63897818691043,4.79276978135348,2.11727129565576,0,4.79521938752563,1.57978359661681,2.36735592102602,3.24303804868629,0.477121254719662,0
1.6,4.48295929116721,4.63462839043665,1.9731278535997,0,5.23002719556931,5.09925234958147,2.18184358794477,3.08742645703629,0,0
1.65,4.32744067624276,4.48013634918358,5.1001533435717,0,5.07402975792183,4.94536516937186,2.00860017176192,2.92737036303902,0,0
1.7,4.16696266385717,4.32391180899601,4.94513362577976,0,4.91941806940634,4.79220252006303,1.81954393554187,2.78390357927273,5.10129330159034,0
1.75,4.00987563371216,4.16970381699457,4.79006690613665,0,4.76342799356294,5.22844399129947,1.66275783168157,2.6159500516564,4.94756114852434,0
1.8,3.85697043348249,4.01186635652772,4.63583546331164,0,4.60871853525914,5.07477988233193,1.54406804435028,2.46982201597816,5.27443035284259,0
1.85,3.696443763139,3.85442750578786,4.47774329778595,0,4.453119497764,5.32139956629524,1.38021124171161,2.29666519026153,5.11881014575292,0
1.9,3.54245194737598,3.7008767083769,4.32561827281003,0,4.29762921836415,5.16536601839587,1.20411998265592,2.12385164096709,4.96356117978962,0
1.95,3.39462676427221,3.54888056263751,4.17166795887479,0,4.14185722323837,5.01032964372448,0.903089986991943,1.97772360528885,4.80925661273958,0
2,3.24452451157008,3.40857912540867,4.01957320209564,0,3.98583048985839,4.85506463497545,0.698970004336019,1.7481880270062,5.23432489603082,0
2.05,5.10328704785894,3.26387267686522,3.86147466885717,5.10028436702781,3.83410265571279,4.70114470868279,0.477121254719662,1.53147891704226,5.07814131433043,0
2.1,4.94808027053252,3.1044871113124,3.7048366062114,5.33203427702752,3.6746774678732,4.54743008581827,0,1.04139268515822,4.92303148365318,0
2.15,4.79174677392093,2.95279244304409,3.54654266347813,5.17794607296186,3.51969676715985,4.39469677789188,0,0.903089986991943,4.77038802570114,0
2.2,4.63891834750163,2.78318869107526,3.39040515648008,5.36525954582712,3.36884450682582,4.23754373814287,0,0.602059991327962,4.61729396757467,0
2.25,4.48268782585296,2.6222140229663,3.23451728351269,5.20934608939543,3.21192108430851,4.08403978066795,0,0.602059991327962,4.46094292288896,0
2.3,4.32746110930314,2.4345689040342,3.07990446766672,5.05577956253,3.04453976039241,3.92778084934737,0,0.477121254719662,4.30770992340481,0
2.35,4.17400162640242,2.28103336724773,2.90417436828416,4.90179059028554,2.88366143515362,5.12092583033844,0,0.477121254719662,4.15143114366114,0
2.4,4.0200296335427,5.10209739177348,2.74663419893758,4.74469969916038,2.72263392253381,4.96477802202238,0,0.301029995663981,3.99581063167604,0
2.45,3.86451108105839,4.94893107119475,2.58092497567562,4.58958102033986,2.58994960132571,4.80949237693734,0,0.301029995663981,3.83467497446274,0
2.5,3.70960912107265,4.79209038076263,2.43136376415899,4.43372184293284,5.10161305418122,4.65305807050135,0,0,3.68015414173437,0
2.55,3.55278985019278,4.6370391905594,2.29666519026153,4.28073767350468,4.94677639104223,4.4990544211971,0,0,3.52205280086882,0
2.6,3.39199307225971,4.48424287895823,2.11058971029925,4.12528603329366,4.79050331229781,4.34392038539323,0,0,5.10843647519035,0
2.65,3.23653726148869,4.32837960343874,1.98677173426624,3.97441957385229,4.63520216838859,4.18898469947278,0,0,4.95268591405336,0
2.7,3.09096307659573,4.1751927883866,1.88081359228079,3.81458051601032,5.1929463897012,4.03566983465168,0,0,4.79858159472855,0
2.75,2.94250410616808,5.13400169626516,1.57978359661681,3.66200187938992,5.03757787697069,3.87846434534147,0,0,4.64377827526333,0
2.8,2.79169064902012,4.97851832234731,1.30102999566398,3.50987428500472,4.88347973148195,3.71792002583699,0,0,4.48936777470473,0
2.85,2.64443858946784,4.82241655029896,1.17609125905568,3.35964579267454,4.72775265980976,3.56062387454993,0,0,5.17028812439156,0
2.9,2.49276038902684,4.66940986728778,1.04139268515822,3.1981069988734,4.57458680919382,3.40773072802634,0,0,5.0145373389932,0
2.95,2.32633586092875,4.51706387348265,0.845098040014257,3.04532297878666,4.42107719001702,3.24501887073775,0,0,4.85852516708495,0
3,2.16136800223497,4.36236936250105,0.602059991327962,2.89042101880091,4.26625522229765,3.07188200730613,0,0,4.70362664441455,0
3.05,5.10200812190361,4.20585369546493,0.477121254719662,2.72997428569956,4.11330814991839,2.91381385238372,0,0,4.54794691267891,0
3.1,4.94606889484085,4.05265547303953,0.301029995663981,2.56820172406699,3.95631253084119,2.75815462196739,0,0,5.17933344011585,0
3.15,5.27260269641768,3.90503992807621,0,2.3747483460101,3.79975396641189,2.62940959910272,0,0,5.02396403698666,0
3.2,5.11835071648317,3.75534118381155,0,2.24797326636181,3.63748972951251,2.46089784275655,0,0,4.86924345726106,0
3.25,4.96314535181679,3.59889988706388,0,2.11394335230684,3.48784512011144,2.30319605742049,0,0,4.71579449800351,0
3.3,4.80645132324726,3.44466923093852,0,1.98227123303957,5.40782073671774,2.13033376849501,0,0,4.56319620871519,0
3.35,4.65198510541211,5.10795238543045,0,1.78532983501077,5.25354637790501,1.94939000664491,0,0,4.40618237880443,0
3.4,4.49482222594378,4.95261810926966,0,1.67209785793572,5.39975676587199,1.76342799356294,0,0,4.25037120243448,0
3.45,5.16885973553031,4.79748913378502,0,1.53147891704226,5.48012628563763,1.60205999132796,0,0,4.09527398809818,0
3.5,5.01521300951091,4.64149394084962,0,1.27875360095283,5.32557517979513,1.47712125471966,0,0,3.93434692673826,0
3.55,4.85996045557873,4.48563626235112,0,1.17609125905568,5.17111186518044,1.30102999566398,0,0,3.7826159320316,0
3.6,4.70369538500895,5.16881263041071,0,1.14612803567824,5.01616388058615,1.25527250510331,0,0,3.62797998982998,0
3.65,4.54693729729166,5.36027334897841,0,0.954242509439325,4.86125952957838,1.04139268515822,0,0,3.47508980338901,5.1003567577723
3.7,4.39439914202559,5.20595641731922,0,0.903089986991943,4.70437361479443,0.903089986991943,0,0,3.3155505344219,4.94437902132634
3.75,4.2405492482826,5.05300925832097,0,0.845098040014257,4.55158416936041,0.845098040014257,0,0,3.16879202031418,4.79106576981685
3.8,4.07961532352694,4.89879646145008,0,0.301029995663981,4.39908503533322,0.698970004336019,0,0,2.99255351783214,4.63623707654743
3.85,3.92895884088083,4.74245803268758,0,0.301029995663981,4.24454924289789,0.698970004336019,0,0,2.83378437465648,4.4815429489731
3.9,3.77597433112937,4.58669980162405,0,0.301029995663981,4.08813608870055,0.698970004336019,0,0,2.6570558528571,5.16895393044471
3.95,3.62428209583567,4.43187817876684,0,0.301029995663981,3.93237228214791,0.301029995663981,0,0,2.51587384371168,5.01279927498562
4,3.46299661202806,4.27623195792183,0,0,3.77224833997185,0,0,5.10024644325019,2.34635297445064,4.85834466981212
4.05,5.10801334949982,5.14503783014775,0,0,3.62459145912685,0,0,4.94446293104324,2.20411998265592,4.70433072024128
4.1,4.95342139968103,4.98996123636152,0,5.10211798990708,3.46657107238635,0,0,4.79137481123503,2.02938377768521,4.54786081756886
4.15,4.79958175716981,4.83733586801501,0,4.94828089670164,3.30642502755069,0,0,4.63692898768909,1.88081359228079,4.39028140822966
4.2,4.6447044026855,5.240471867085,0,4.79367865469743,3.15926633109349,0,5.0996737365316,4.481829451264,1.65321251377534,4.23834724342647
4.25,4.49053434580368,5.08638830806776,0,4.63761979824201,3.01199311465926,0,4.9460295556817,4.32450880574706,1.49136169383427,4.08529057823007
4.3,4.33332634040345,4.93374535822673,0,4.48422863769372,2.85064623518307,0,4.79164855058411,4.17032039987338,1.38021124171161,3.93379088414342
4.35,4.17678557492204,4.78123822053776,0,5.16822338492234,2.70842090013471,0,4.63810970746491,4.02040272098388,1.14612803567824,3.78118072093726
4.4,4.01632285401379,4.62543592946752,0,5.013119635099,2.56820172406699,0,4.48121323751221,3.87022827901179,0.954242509439325,3.62685341466673
4.45,3.86177329671869,4.47214186084442,0,4.85842289450755,2.40654018043395,0,4.32512552621693,3.71525102887885,0.903089986991943,3.47712125471966
4.5,3.71113207230684,4.31544551822458,0,4.70276646769512,2.22530928172586,0,4.17002689815112,3.56726169235387,0.845098040014257,3.3236645356081
4.55,3.56157836830096,4.16444208520952,0,4.5477254907601,2.05307844348342,0,4.01895002150097,3.41664050733828,0.778151250383644,3.16938049531195
4.6,3.40807028588718,4.00646604224923,0,4.39906770894907,1.88649072517248,0,5.12509396913942,3.26646689544024,0.477121254719662,3.02612451674545
4.65,3.25478968739721,3.85333310500233,0,4.24350931262678,1.7160033436348,0,4.97034687623009,3.11693964655076,0,2.85913829729453
4.7,3.11627558758054,3.70337736851235,0,4.08781689793553,1.47712125471966,0,4.81681114468614,2.95712819767681,0,2.68304703823885
4.75,2.9604707775343,3.54765165835997,0,3.93348728784871,1.32221929473392,0,4.66185053090192,2.78746047451842,0,2.50650503240487
4.8,2.7979596437372,3.40036527334994,0,3.78168358450735,1.11394335230684,0,4.50623435961213,2.61278385671974,0,2.35602585719312
4.85,2.65417654187796,3.24821856119007,0,3.63164666295842,1.04139268515822,0,4.35222112034968,2.47129171105894,0,2.21748394421391
4.9,2.49415459401844,3.11126251365907,0,3.48187241031066,0.845098040014257,0,4.19890439945673,2.33445375115093,0,2.02118929906994
4.95,2.35793484700045,2.95904139232109,0,3.32428245529769,0.778151250383644,0,4.04465733323487,2.20411998265592,0,1.86332286012046
5,2.22010808804005,2.81157500587059,0,3.18269990333604,0.698970004336019,0,3.88851646107494,2.04921802267018,0,1.68124123737559
5.05,2.08278537031645,2.65609820201283,0,3.03582982525283,0.602059991327962,0,3.73191094211687,1.91381385238372,5.40262586483264,1.51851393987789
5.1,1.93951925261862,2.52244423350632,0,2.8842287696326,0.602059991327962,0,3.57217431361306,1.73239375982297,5.24828967078304,1.32221929473392
5.15,5.10005677467211,2.36361197989214,0,2.73878055848437,0.602059991327962,0,3.41463914673701,1.55630250076729,5.09381727330029,1.17609125905568
5.2,4.94393946447222,2.1846914308176,0,2.57403126772772,0.477121254719662,0,3.25695815256093,1.43136376415899,4.93901977644867,1
5.25,4.79309160017658,5.09922815923454,0,2.4345689040342,0.301029995663981,0,3.1215598441875,1.27875360095283,4.78461729263288,0.903089986991943
5.3,4.63982502729579,4.94561627922673,0,2.30102999566398,0.301029995663981,0,2.97266559226611,1.07918124604762,4.63059057783929,0.778151250383644
5.35,4.48344464809853,4.7910727959282,0,5.10298908269649,0.301029995663981,0,2.79934054945358,0.903089986991943,4.47837888603189,0.602059991327962
5.4,5.16964798771681,4.63562446759626,0,4.94623113121649,0.301029995663981,0,2.63447727016073,0.602059991327962,4.32467335018925,0.301029995663981
5.45,5.01551064233529,4.48019385068734,0,4.78994012539176,5.10137240210239,0,2.49276038902684,0.602059991327962,4.17055505852121,0
5.5,5.29716061743468,4.32008394271569,0,5.22892622441478,4.94576392311117,5.10185357298332,2.35218251811136,0.477121254719662,4.01703333929878,0
5.55,5.14263970783242,5.14842371823317,0,5.07365237655327,4.7914169362131,4.94702178011764,2.21218760440396,0.477121254719662,3.86296575897776,0
5.6,4.98725053734156,4.99405306358767,0,4.91960102378411,4.63784982445572,4.79264378730514,2.01283722470517,0,3.70680309703734,0
5.65,4.83201046545992,5.29075116259405,0,4.76424340171276,4.48303070121422,4.63418495510228,1.81291335664286,0,3.54369563230924,0
5.7,4.67599818196322,5.13694874955677,0,4.6070473457481,4.32744067624276,4.47921528820137,1.69019608002851,0,3.3933996952931,0
5.75,4.52395446225706,4.98229837559649,0,4.45209324901773,5.14787410728925,4.32715451240943,1.56820172406699,0,3.23603314711764,0
5.8,4.36867729541278,5.28484339949263,0,4.29309725569165,4.99260211368187,4.17032039987338,1.47712125471966,0,3.07003786660776,0
5.85,4.21157436348285,5.13054603835775,0,4.14229558828976,4.83714634390906,4.01824266745791,1.34242268082221,0,2.91434315711944,0
5.9,4.05327056668138,5.34320173765234,0,3.99325983143674,4.680996877997,3.86195237492145,1.25527250510331,0,2.7664128471124,0
5.95,3.90020321301689,5.18883571192465,0,3.83244504117411,4.52750101098112,3.7056926965377,1.11394335230684,0,2.60314437262018,0
6,3.74154551677621,5.03542173268253,0,3.68169339200456,4.37372095067685,3.55132798800385,1.07918124604762,0,2.44715803134222,0
6.05,3.59017283159631,5.30515567785014,0,3.52724311638809,4.22068327797435,3.39287274540208,1.04139268515822,0,2.2718416065365,0
6.1,3.43520710324075,5.1507687165626,0,3.37912414607039,4.06284511327705,3.2380461031288,0.778151250383644,5.0999463839157,5.10080462259688,0
6.15,3.29754166781816,4.99527971730635,0,3.23477029516092,5.12825383327014,3.09025805293132,0.698970004336019,4.94495618971324,4.94674202550457,0
6.2,3.13893394025692,4.83908191086831,0,3.09516935143175,4.97211949028918,2.94596070357757,0.301029995663981,4.79146607685719,4.79107982192589,0
6.25,2.99738638439731,4.68600134223314,0,2.95133751879592,4.81702960767467,2.79726754083072,0.301029995663981,4.63673857138595,4.6370391905594,0
6.3,2.83378437465648,4.53497746346155,0,2.78604121024255,4.66309758139138,2.62428209583567,0.301029995663981,4.48392946321224,4.4815429489731,0
6.35,2.67669360962487,4.38017504899673,0,2.61489721603313,4.50546201535389,2.47421626407626,0.301029995663981,4.32633586092875,4.325884943969,0
6.4,2.50379068305718,4.22837469042191,0,2.47712125471966,4.35080991093636,2.32014628611105,0,4.16681479879091,4.16770123497137,0
6.45,2.35024801833416,4.0707395628492,0,2.33041377334919,4.1971978274878,2.16731733474818,0,4.01330078685689,5.13715464463573,0
6.5,2.20411998265592,3.91460756777108,0,2.22010808804005,4.0376654933508,2.02118929906994,0,3.85321133450332,4.98242954071301,0
6.55,2.02118929906994,3.76125107430866,0,2.03742649794062,3.88677264305444,1.88081359228079,0,3.71214441421489,4.82891112185242,0
6.6,1.88081359228079,5.11409699855693,0,1.90848501887865,3.73183042028816,1.7481880270062,0,3.55990662503611,4.67544837244314,0
6.65,1.81291335664286,4.95995197820549,0,1.74036268949424,3.58681226944338,1.56820172406699,0,3.40243334621931,4.51931598559096,0
6.7,1.68124123737559,5.27797345635911,0,1.54406804435028,3.43392976560846,1.32221929473392,0,3.23678909940929,4.36325462099469,0
6.75,1.54406804435028,5.12277600262051,0,1.39794000867204,3.2895889525426,1.11394335230684,0,3.07918124604762,4.21082663867826,0
6.8,1.36172783601759,4.9686977077702,0,1.25527250510331,3.13225968953104,1,0,2.92890769024395,4.05488105486277,0
6.85,1.20411998265592,4.81511265818981,0,1.14612803567824,2.97634997900327,0.903089986991943,0,2.76342799356294,5.12910958622073,0
6.9,1.14612803567824,4.65995421105249,0,1.04139268515822,2.82994669594164,0,0,2.62531245096167,4.97447024165705,0
6.95,1.04139268515822,4.50392680419351,0,0.903089986991943,2.65801139665711,0,0,2.46389298898591,4.81706269854291,0
7,0.954242509439325,4.35034494824906,0,0.903089986991943,2.5092025223311,0,0,2.3096301674259,4.66171805769466,0
7.05,0.845098040014257,4.19628674880888,0,0.845098040014257,2.32428245529769,0,0,5.10254003649396,4.50947135210255,0
7.1,0.698970004336019,4.04099769242349,0,0.698970004336019,2.18752072083646,0,0,4.9479823704663,4.35724857693629,0
7.15,0.698970004336019,3.88570038012833,0,0.698970004336019,2.04139268515822,0,0,4.79123436512437,4.20422854270696,0
7.2,0.698970004336019,3.73110505121592,0,0.602059991327962,1.84509804001426,0,0,4.63528263799821,4.04979927791899,0
7.25,0.602059991327962,3.57909732655264,0,5.10075641318551,1.67209785793572,0,0,4.47953212329308,3.89971109457114,0
7.3,0.301029995663981,3.43392976560846,0,4.945945948135,1.55630250076729,0,0,4.32621292999943,5.11816548524312,0
7.35,0.301029995663981,3.27989498001164,0,4.78989081177196,1.39794000867204,0,0,4.17058438193919,4.9607798585571,0
7.4,0.301029995663981,3.11427729656159,0,4.63457802285389,1.23044892137827,0,0,4.01203535914953,4.80659371377039,0
7.45,0.301029995663981,2.95472479097906,0,4.48190104731452,1.17609125905568,0,0,3.85925841746731,4.65201413935001,0
7.5,0.301029995663981,2.78247262416629,0,4.32725673542553,1.14612803567824,0,0,3.70466518545453,5.19784270890212,0
7.55,0.301029995663981,2.62940959910272,0,4.17408889546368,1.04139268515822,0,0,3.54604886640173,5.37415238578941,0
7.6,5.09973932558767,2.47129171105894,0,4.02094105986232,0.845098040014257,0,0,3.39984671271292,5.21912589128088,0
7.65,4.94507941689473,2.31597034545692,5.09921087959032,3.86284665998294,0.477121254719662,0,0,3.23829706787539,5.38366818340877,0
7.7,4.79131863824089,2.08635983067475,4.94420621496143,3.71146978187433,0,0,0,3.05918461763137,5.23016014729593,5.10085626959975
7.75,4.63629728651313,1.90848501887865,4.78859962215773,3.55618184665291,0,0,0,2.90525604874845,5.07480912922872,4.94430003266269
7.8,4.48343038063416,1.72427586960079,4.63099706839864,3.40534636017571,0,0,0,2.75815462196739,4.91994059185631,4.79015844699624
7.85,4.32907229075473,1.57978359661681,4.47358914498138,3.24772783290972,0,0,0,2.6063813651106,4.76365257056453,4.63173793431831
7.9,4.17504769952617,5.10069442179206,4.31923101816027,3.09025805293132,0,0,0,2.45331834004704,4.6078730314848,4.47908560719521
7.95,4.01824266745791,4.94659471382054,4.1655707406329,2.92427928606188,0,0,0,2.29885307640971,4.45330304771858,4.32805325025268
8,3.86338234844079,5.27455961677148,4.00483706093831,2.75815462196739,0,0,0,2.16136800223497,4.29972515397564,4.16917461975374
8.05,3.71340653216769,5.11970776918383,3.84892771322708,2.58433122436753,0,0,0,2,4.1475217435376,4.01262635095405
8.1,5.1111246738787,4.96464612643486,3.69355108559591,2.39967372148104,0,0,0,1.83250891270624,3.99325983143674,3.85841687772349
8.15,4.95614921348021,4.81018545567164,3.53832233323144,2.21218760440396,0,0,0,1.70757017609794,3.83803008298532,3.70096317815955
8.2,4.80079266093442,4.6549558390163,3.37529773821734,2.03742649794062,0,5.10231705484771,0,1.55630250076729,3.68726134624351,3.54641926683519
8.25,4.64565802135809,4.49917827532083,3.21510858105309,1.8750612633917,0,4.94795789200109,0,1.38021124171161,3.5360531551592,3.38756777941719
8.3,4.49030970830116,4.34242268082221,3.05880548667591,1.72427586960079,0,4.79380434891911,0,1.25527250510331,5.10659881321254,3.23954972084047
8.35,4.33569855149822,4.18520206518789,2.90417436828416,1.50514997831991,0,4.63753976055708,0,1.20411998265592,4.95302477927106,3.09307130637606
8.4,4.1798102228788,4.03019478535675,2.72015930340596,1.41497334797082,0,4.48215869541128,0,1,4.79833983072586,2.93901977644867
8.45,4.0212306584797,5.12648532508267,2.55022835305509,1.25527250510331,5.10221753378292,4.32764496359866,0,0.698970004336019,4.64215773471423,2.77887447200274
8.5,3.86905561870191,4.97221209829062,2.40483371661994,5.09992568252469,4.94749253882711,4.17368148972846,0,0.602059991327962,4.4884096889032,2.63748972951251
8.55,3.71256552787331,4.81547812807336,2.28103336724773,4.94560643451622,4.79360182364951,4.01657374626912,0,0.301029995663981,4.33039347874035,2.46686762035411
8.6,3.55144999797287,4.659421754313,2.14301480025409,4.79091819521458,4.63893829488735,3.86272752831797,0,0.301029995663981,4.17362325769808,2.30749603791321
8.65,3.39304846641678,4.50370898989171,1.94939000664491,4.63799977593968,4.48550848483382,3.7070589406276,0,0.301029995663981,4.01824266745791,2.18184358794477
8.7,3.24723654950676,4.3452952955793,1.78532983501077,4.4843140782767,4.33302385775809,3.55193769536484,0,0,3.86397678390439,5.10178486691664
8.75,3.08707120590654,4.1881688585867,1.63346845557959,4.32888903983956,4.17687228640918,3.40019248859258,5.10027057694638,0,3.71180722904119,4.94726703061936
8.8,2.92737036303902,4.03869962302062,1.41497334797082,4.17277801465585,5.13431419799845,3.25382243870807,4.94521246299022,0,3.5572665288699,4.79241270323898
8.85,2.75127910398334,3.88564387183576,1.23044892137827,4.01865889758552,4.98011704636045,3.09166695759568,4.79069322315948,0,3.40551710697638,4.6382695582077
8.9,2.59769518592551,3.72689014074182,1.04139268515822,3.86129539352669,4.8260099777911,2.92737036303902,4.63456794863633,0,3.2513948500401,4.48244479191827
8.95,2.45178643552429,3.58024050826538,0.845098040014257,3.70311934623608,4.67028297067441,2.7427251313047,4.47925850659975,0,3.09447112864164,4.32522822787085
9,2.26717172840301,3.42894429003557,0.845098040014257,3.55654370848351,5.20156370848966,2.5910646070265,4.32269469030688,0,2.94792361983173,4.16873312893408
9.05,2.06445798922692,3.28555730900777,0.778151250383644,3.39550112430563,5.04606182433596,2.43136376415899,4.16793731270058,0,2.78675142214556,4.01803440270453
9.1,1.85733249643127,3.12807601266872,0.698970004336019,3.22036963245139,4.89239516407255,2.28103336724773,5.13438113341029,0,2.64836001098093,3.86236993712288
9.15,1.70757017609794,2.98136550907854,0.698970004336019,3.07918124604762,4.73707331464192,2.0899051114394,4.97903365390824,0,2.47712125471966,3.70560716340461
9.2,1.50514997831991,2.84385542262316,0.477121254719662,2.91275330367132,4.58151730942581,5.0971149516418,4.82556891160872,0,2.29003461136252,3.54986118847194
9.25,1.27875360095283,2.69372694892365,0.477121254719662,2.74896286125616,4.42785922131207,4.9416257056207,4.66998594100948,0,2.12057393120585,5.10739993193248
9.3,5.10131393789552,2.53781909507327,0,2.60205999132796,4.2710047257857,4.78426058256608,4.51386988389186,0,2.02938377768521,4.95188126084035
9.35,4.94615247872427,2.37291200297011,0,2.4456042032736,4.11852925753174,4.63013282072181,4.3591712057167,0,1.81291335664286,4.7969557343208
9.4,4.79164153378135,2.23044892137827,0,2.24551266781415,3.96824939410792,4.47819119539003,4.20134249264771,0,1.63346845557959,4.64060067766542
9.45,4.63668844795328,2.02118929906994,0,2.10037054511756,3.80996352171401,4.32553618719207,4.04602666970254,0,1.44715803134222,5.1959605046974
9.5,4.47868190736223,1.85125834871908,0,1.95904139232109,3.65762943138895,4.1735067702081,3.89531202447579,0,5.10113505733204,5.04032537919972
9.55,4.32543355834695,1.69019608002851,0,1.89762709129044,3.50799072481969,4.01059673620652,3.74787770581979,0,4.94609348000589,5.3071043544915
9.6,4.172281761455,1.56820172406699,0,1.77085201164214,3.35353155907776,3.85509495115862,3.59395029526399,0,4.79118519825349,5.15260630279361
9.65,4.01561120450351,1.36172783601759,0,1.56820172406699,3.19395897801919,3.69381485388942,3.44622640177816,0,4.63669847310262,4.99889113466621
9.7,3.86373910734522,1.17609125905568,0,1.38021124171161,3.04453976039241,3.53718922624364,3.29424571613812,0,4.48502543020457,4.84405448048474
9.75,5.1202645507217,1,0,1.20411998265592,2.88930170250631,5.11069069727375,3.1296898921993,0,4.3278287400942,4.68977931194145
9.8,4.9645754516035,0.778151250383644,0,1.11394335230684,2.76267856372744,4.95729114737232,2.97543180850926,0,4.1721064777925,4.53633113598397
9.85,4.81036695368163,0.477121254719662,0,0.903089986991943,2.59769518592551,4.79942326433468,2.80413943233535,0,4.01936557457249,4.38171058567103
9.9,4.65603108730464,0,0,0.698970004336019,2.45024910831936,4.64553033823929,2.66651798055488,0,5.12330925065308,4.2264194486486
9.95,4.50041487775627,0,0,0.477121254719662,2.27415784926368,4.49229931742136,2.4996870826184,0,4.96941125251694,4.07331502056063
10,4.34378265466953,0,0,0.301029995663981,2.10037054511756,4.34028543947047,2.32837960343874,0,4.8159693664196,3.91902576458736
10.05,4.18918139718074,0,0,0.301029995663981,1.9731278535997,4.18794352906253,2.13033376849501,0,4.65952639556338,3.76730431745327
10.1,4.03458835371362,5.10079773586575,0,0,1.80617997398389,4.03233665984574,1.99563519459755,0,5.19659617770039,3.59955559098598
10.15,3.87685264760134,4.9459213546166,0,0,1.63346845557959,3.87581338883976,1.79239168949825,0,5.04227222728204,3.44404479591808
10.2,3.72542155007426,4.79064399498377,0,0,1.51851393987789,5.11922948759509,1.61278385671974,5.09910027358389,4.8871050709462,3.28465628278852
10.25,3.57042617835897,4.63624711212141,0,0,1.39794000867204,4.96349977571575,1.54406804435028,4.94476388546555,4.73274748530999,3.1152775913959
10.3,3.4119562379304,4.47989188282086,0,0,1.17609125905568,4.80864302616575,1.43136376415899,4.79125543493663,4.57672133559195,2.96754797621886
10.35,3.25382243870807,4.32733849651805,0,0,1.04139268515822,4.65187863103032,1.30102999566398,4.63290249415288,4.42129125391886,2.7979596437372
10.4,3.10551018476997,4.17108257735753,0,0,0.954242509439325,5.1969798947188,0.954242509439325,4.47989188282086,4.26517172319093,2.66558099101795
10.45,2.95036485437612,4.01220429603074,0,0,0.602059991327962,5.04186620272129,0.903089986991943,4.32670444507433,4.10782026724805,2.50650503240487
10.5,2.79098847508882,3.85388065012454,0,0,5.10036020464965,5.30864763647033,0.698970004336019,4.16996817399689,3.9534697432534,2.36172783601759
10.55,2.63346845557959,3.69618158716852,0,0,4.94448760728669,5.15346423957923,0.301029995663981,5.13646689046584,3.80140371001735,2.24797326636181
10.6,2.49692964807321,3.54257647626053,0,0,4.79226558569723,5.35406616063557,0,4.98266463418081,5.11602962818485,2.09691001300806
10.65,2.33445375115093,3.38111508070985,0,0,4.637459708119,5.19904173446148,0,4.82910427325444,4.96124069386805,1.91381385238372
10.7,2.13987908640124,3.22711508258912,0,0,4.48134228485248,5.04522906712408,0,4.67498966553945,4.80875097234959,1.77085201164214
10.75,1.98227123303957,3.06855689507236,0,0,4.32602846833701,4.89121398576242,0,5.20226211988321,4.65277800200132,1.6232492903979
10.8,1.8750612633917,2.92737036303902,0,0,4.16725824304363,4.73626898426005,0,5.04960561259497,4.49774491341173,1.44715803134222
10.85,1.69897000433602,2.79379038469082,0,0,4.01334290434535,4.58373139346339,0,4.89443791393827,4.34474585372519,1.23044892137827
10.9,1.54406804435028,2.60205999132796,0,0,3.85308952985187,4.42678769045799,0,4.73933496019608,4.18619324992035,1.11394335230684
10.95,1.38021124171161,2.42813479402879,0,0,3.70268896815913,4.27246821048795,5.10298223051826,4.58179042199025,4.02934318751911,0.954242509439325
11,1.27875360095283,2.25527250510331,0,0,3.54456409749604,4.11693964655076,4.94736999454503,4.42550161458347,3.87233112123025,0.602059991327962
11.05,1.17609125905568,2.07188200730613,5.10166460513922,0,3.3911116137028,5.13058783686055,4.79102361076149,5.15951906929519,3.71608685377483,0.301029995663981
11.1,1.11394335230684,1.88649072517248,4.94511884220942,0,3.24129738710999,4.97704649262907,4.63389244315981,5.00435577198328,3.56502092834529,0
11.15,1,1.79934054945358,4.79005282121475,5.09915903653217,3.07773117965239,4.82246230575867,4.48068230632549,4.84919821742885,3.41763773965223,0
11.2,0.903089986991943,1.68124123737559,4.63354924703771,4.94556705344239,2.9216864754836,4.66940986728778,4.32784915490521,4.69492093466678,3.26599637049508,5.10040501156589
11.25,0.845098040014257,1.55630250076729,4.47793118205533,4.7917257279331,2.73878055848437,4.51472037364813,4.17417614699224,4.53785685816898,3.11494441571258,4.94452215167221
11.3,0.778151250383644,1.41497334797082,4.32279796834639,4.63332703435287,2.59328606702046,4.35958886961503,4.02366391819779,4.3831867994749,2.95808584852109,4.78798442899221
11.35,0.602059991327962,1.27875360095283,4.17046707638594,4.47842218774008,2.40312052117582,5.15094055396548,3.8654001181793,4.22988652924589,2.80888586735981,4.63070240067621
11.4,0.301029995663981,1.20411998265592,4.01919940105529,4.3253309052437,2.29666519026153,4.99721595372921,3.70867579272654,4.07327833563583,2.65030752313194,4.47450763911698
11.45,0.301029995663981,5.1004670442807,3.87005258169354,4.17461214189072,2.13987908640124,4.84330131270878,3.55448916000382,3.92033207153959,2.49554433754645,4.32006315959498
11.5,0,4.94574424015974,3.71146978187433,4.02065126800434,1.98677173426624,4.68906011212395,3.39216914948974,3.7691556907144,2.35024801833416,4.16411482098434
11.55,0,4.79027812516774,3.55738688205951,3.86758532654704,1.84509804001426,4.53577499629203,3.24278980947868,3.61616031284758,2.20139712432045,4.01220429603074
11.6,0,4.63447727016073,3.40053798939195,3.71382642438052,1.66275783168157,4.37839790094814,3.08919836680515,5.10960554183738,2.04139268515822,3.85907822474697
11.65,0,4.47934493049614,3.24699069924155,3.55870857053317,1.47712125471966,4.2266256785958,2.9484129657786,4.95307316701101,1.89209460269048,3.70148163562093
11.7,0,4.32518715012365,3.09377178149873,3.40993312333129,1.25527250510331,4.07280114940985,2.79309160017658,4.79861612145925,1.72427586960079,3.54282542695918
11.75,0,4.17087750727558,2.93196611472817,3.25042000230889,1.14612803567824,3.91939192677386,2.62940959910272,5.23073239759164,1.60205999132796,3.38898878512471
11.8,0,4.01944863749364,2.76417613239033,3.0962145853464,0.954242509439325,3.75785134368558,2.46538285144842,5.07598833058578,1.41497334797082,3.22036963245139
11.85,5.10000848216879,3.86409557342425,2.60205999132796,2.92941892571429,0.778151250383644,3.60390183173167,2.34044411484012,4.92306259283029,1.11394335230684,3.06370855939142
11.9,4.94498576742572,3.70697367617618,2.46239799789896,2.77232170672292,0.602059991327962,3.43806745045349,2.21748394421391,4.76818655545666,0.954242509439325,2.8998205024271
11.95,5.27501865434153,3.55071742346928,2.32428245529769,2.61384182187607,0.301029995663981,3.28757780907871,2.06818586174616,4.61263553571845,0.778151250383644,2.73559889969818
12,5.12087651586537,3.38969754820639,2.18752072083646,2.44247976906445,0,3.13193929521042,1.89762709129044,4.45874357742005,0,2.58771096501891
12.05,4.96546511506859,3.22865695810893,2.02938377768521,2.26951294421792,0,2.97497199429807,1.70757017609794,4.30758160475063,0,2.45939248775923
12.1,4.80823798884796,3.07518185461869,1.89762709129044,2.11394335230684,0,2.81023251799508,1.60205999132796,4.15244123805895,0,2.30535136944662
12.15,5.23457295872357,2.91275330367132,1.79934054945358,1.91907809237607,0,2.66558099101795,1.50514997831991,3.997997636408,0,2.17897694729317
12.2,5.07965147707384,2.76417613239033,1.68124123737559,1.81291335664286,0,2.53147891704225,1.34242268082221,3.84800427149727,0,5.10169209648165
12.25,4.92525535098444,2.6063813651106,1.46239799789896,1.5910646070265,0,2.39093510710338,5.10299250874506,3.69626899674553,0,4.94673711592005
12.3,5.2677418057536,2.44715803134222,1.23044892137827,1.34242268082221,0,2.24303804868629,4.94844230900904,3.54518336821541,0,4.79281177124815
12.35,5.11262175639972,2.31597034545692,1,1.23044892137827,0,2.08278537031645,4.7938811441498,3.39602489660859,0,4.63877869014223
12.4,4.9579136271385,2.15836249209525,0.778151250383644,1.04139268515822,0,1.96378782734556,4.63860904580711,3.25212455250564,0,4.4848690327204
12.45,4.80187685375758,1.99122607569249,0.602059991327962,0.903089986991943,0,5.10191196459515,4.48045251328099,3.11159852488039,0,4.33251925137373
12.5,5.23062260443674,1.89209460269048,0.602059991327962,0.698970004336019,0,5.33104851568497,4.32265337221324,2.95472479097906,0,4.1796092337262
12.55,5.07428970379237,1.64345267648619,0,0.698970004336019,0,5.44207664454689,4.17081889803367,2.80685802951882,5.10103526500567,4.02657411815033
12.6,4.91866976831918,1.44715803134222,0,0.477121254719662,0,5.28763380011622,4.01309013812506,2.65801139665711,4.94609839687189,3.87546641586638
12.65,4.76498267738339,1.34242268082221,0,0,0,5.13269824637421,3.86057755124441,2.48995847942483,4.79122031801495,3.72073797701843
12.7,4.60902849749405,1.25527250510331,0,0,0,4.97847725193778,3.7041505168398,2.32633586092875,4.63467875217868,3.5720579899263
12.75,4.4524304936996,1.23044892137827,0,0,0,4.82388485409092,3.55193769536484,2.17609125905568,4.47788783136086,3.40823996531185
12.8,4.29826343254011,1.07918124604762,0,0,0,4.66971658228887,3.3932241163613,2.03742649794062,4.32008394271569,3.24821856119007
12.85,4.14170055699739,0.698970004336019,0,0,0,4.51177644456231,3.23299611039215,5.10080462259688,4.16473938429143,3.09307130637606
12.9,3.98452731334379,0.301029995663981,0,0,0,5.17322415822425,3.06707085604537,4.94709536981128,4.01355343054168,2.94497590841205
12.95,3.8307169494369,0,0,0,0,5.01849661528361,2.91115760873998,4.79214645403227,3.86373910734522,2.79169064902012
13,3.67006021747313,0,0,0,0,4.86291216847188,2.77305469336426,4.63734961191752,3.71525102887885,2.65030752313194
13.05,3.52153034127871,0,0,0,5.10069786599052,4.70963454740572,5.10177799571212,4.47973362534305,3.55750720190566,2.47567118832443
13.1,3.36921585741014,0,0,0,4.94509912999945,4.55755532051209,4.94700706068246,4.3269295370435,3.40140054078154,2.32428245529769
13.15,3.2087100199064,0,0,0,4.7911500756518,4.40119368463002,4.79204832105876,4.17163870853082,3.25285303097989,2.16435285578444
13.2,3.04883008652835,0,0,0,4.63706924103502,4.24301323114968,4.63723948779893,4.01367969729119,3.08707120590654,2.07188200730613
13.25,2.90091306773767,0,0,0,4.48301642014413,4.08678679562662,4.48180080953861,3.85805571805036,2.91009054559407,1.88081359228079
13.3,2.7481880270062,0,0,0,4.32756326018728,3.93161040636296,4.32731805768792,3.6994908452722,2.75281643118827,5.09977729367211
13.35,2.59217675739587,0,0,0,4.17493159352844,3.77407880075252,4.16631168065959,3.55022835305509,2.60314437262018,4.94568518595247
13.4,2.45024910831936,0,0,0,4.02056843480136,3.62262842612932,4.00727824733424,3.40312052117582,2.42160392686983,5.2727719040188
13.45,2.30102999566398,0,0,0,5.12489204744191,3.47465325336206,3.85113599501157,3.23146959043068,2.25285303097989,5.11875728655395
13.5,2.11058971029925,0,0,0,4.96913157075783,3.32035403281767,3.69783936821836,3.07554696139253,2.11727129565576,4.96381142966517
13.55,1.92941892571429,0,0,0,4.81543827357376,3.15896526038341,3.53504081325116,2.92272545799326,1.94939000664491,4.80911509276192
13.6,1.84509804001426,0,0,0,4.66323906536384,3.004751155591,3.38667728396084,2.75815462196739,1.84509804001426,5.23277255628904
13.65,1.75587485567249,0,0,0,4.51133513591006,2.85125834871908,3.23653726148869,2.60314437262018,1.76342799356294,5.0778945540336
13.7,5.09865064678951,0,0,0,4.35464617006837,2.70156798505593,3.07809415040641,2.44870631990508,1.67209785793572,4.92360146480033
13.75,4.9434945159061,0,0,0,4.19813451983168,2.57749179983723,2.94890176097021,2.32221929473392,1.54406804435028,4.76969480630962
13.8,4.78824616937282,0,0,0,4.03969166164903,2.40312052117582,2.79865064544527,2.14301480025409,1.39794000867204,4.61474961515907
13.85,4.63366031075787,0,0,0,3.88570038012833,2.21748394421391,2.65513843481138,1.94939000664491,1.32221929473392,4.4580936960466
13.9,4.47943133719774,0,0,0,3.7300551523755,2.06445798922692,2.48287358360875,1.77815125038364,1.17609125905568,4.2995726667585
13.95,4.32621292999943,5.10041879737936,0,0,3.58058287681437,1.93449845124357,2.31806333496276,1.6232492903979,1.04139268515822,4.14755266408027
14,4.16988007287439,4.94586724397333,0,0,3.42275394130135,1.72427586960079,2.0899051114394,1.49136169383427,1.04139268515822,3.99162473453401
14.05,4.01203535914953,4.79065806074624,0,0,3.26221370547642,1.61278385671974,1.96848294855394,1.36172783601759,0.845098040014257,3.83270047096057
14.1,3.86266795022859,4.63590577244308,0,0,3.11360915107303,1.55630250076729,1.83884909073726,1.07918124604762,0.845098040014257,3.67495294804856
14.15,3.70620554188197,4.48129927333285,0,0,2.96236933567002,1.41497334797082,1.69897000433602,0.954242509439325,0.845098040014257,3.52335620665479
14.2,3.55666426212257,4.32323146811477,0,0,2.80482067872116,1.20411998265592,1.56820172406699,0.954242509439325,0.698970004336019,3.36716948853468
14.25,3.40071063677323,4.16648931832595,0,0,2.64640372622307,1.17609125905568,1.44715803134222,0.845098040014257,0.477121254719662,3.21958452621425
14.3,5.10749149121127,4.01097801217474,0,0,2.50242711998443,1,1.25527250510331,0.698970004336019,5.10284516424542,3.05499586152914
14.35,4.95301994020054,3.85533740446954,0,0,2.33645973384853,1,1,0.477121254719662,4.94837383838708,2.88761730033574
14.4,4.79790431607524,3.69609415999522,0,0,2.1846914308176,0.698970004336019,0.903089986991943,5.09931109195784,4.79283276467315,2.71933128698373
14.45,4.64484216773734,3.53932706353938,0,0,2.02530586526477,0.698970004336019,0.845098040014257,4.94467016792459,4.6376898191184,2.57518784492766
14.5,4.49035183668448,3.38273726576133,0,0,1.86923171973098,0,0.698970004336019,5.27453422867888,4.48606191609675,2.44247976906445
14.55,4.33599917760813,3.2143138974244,0,0,1.77815125038364,0,0.477121254719662,5.11927568948684,4.3306977983393,2.30102999566398
14.6,4.17666993266815,3.0618293072947,0,0,1.67209785793572,0,0.301029995663981,4.96454717845029,4.17353589500991,5.10309870284742
14.65,4.02069267868203,2.90687353472207,0,0,1.51851393987789,0,0,4.81033334866115,4.01577875638904,4.94646209056894
14.7,3.85991848520072,2.75127910398334,0,0,1.39794000867204,0,0,4.65397427340559,3.85805571805036,4.79112900072729
14.75,3.70603466071435,2.58771096501891,0,0,1.25527250510331,0,0,4.49722000271449,3.69486832798246,4.63674859537834
14.8,3.54518336821541,2.44404479591808,0,0,0.954242509439325,0,0,4.34293563488763,3.54245194737598,4.48300213860442
14.85,3.38649896555065,2.29003461136252,0,0,0.845098040014257,0,0,4.19242805533121,3.40363518979055,4.32440593380354
14.9,5.10629291217566,2.14921911265538,0,0,0.778151250383644,0,0,4.04004824154746,3.24378191609379,4.16711047859666
14.95,4.9525551382045,2.02938377768521,0,0,0.778151250383644,0,0,3.88767355245445,3.08635983067475,4.01389006032844
15,4.79743374614538,1.8750612633917,0,0,0.602059991327962,0,0,3.73615737527313,2.93247376467715,3.85557972250172
15.05,4.64456659391856,1.73239375982297,0,0,0.301029995663981,0,0,3.57379958221574,2.76937732607614,3.69600671521854
15.1,4.4881133818003,1.50514997831991,0,5.10014644650522,0,0,0,3.41912930774198,2.62117628177504,3.5434471800817
15.15,4.33203427702752,1.30102999566398,0,4.94447773695756,0,0,0,3.2674064187529,2.47567118832443,3.39375064034808
15.2,4.17583060416225,1.11394335230684,0,4.78795612328393,0,0,0,3.10957854690439,2.33445375115093,3.2405492482826
15.25,4.02168535221571,0.903089986991943,0,4.63102753985853,0,0,0,2.96801571399364,2.19589965240923,3.0884904701824
15.3,3.87268060715193,0.477121254719662,0,4.47495888445056,0,0,0,2.81822589361396,2.03742649794062,2.91434315711944
15.35,3.7249309141924,0.477121254719662,0,4.31816772012897,0,0,0,2.70586371228392,1.92427928606188,2.75204844781944
15.4,3.57170883180869,0.477121254719662,0,4.16390643345775,0,0,0,2.5327543789925,1.74036268949424,2.55990662503611
15.45,3.4184670209466,0,0,4.01063911673663,0,0,0,2.36735592102602,1.56820172406699,2.40823996531185
15.5,3.26481782300954,0,0,5.41400010678839,0,0,0,2.20682587603185,5.1029274092001,2.26007138798507
15.55,3.11427729656159,0,0,5.25859658067245,0,0,0,2.02938377768521,4.94912153945263,2.12057393120585
15.6,2.95856388322197,0,0,5.10326308121153,0,0,0,1.86923171973098,4.7947389308625,1.96378782734556
15.65,2.78461729263288,0,0,4.94894572556526,0,0,0,1.73239375982297,4.63792980502351,5.10206305937966
15.7,2.62634036737504,0,0,4.79372055681352,0,0,0,1.54406804435028,4.48178648796754,4.94501041398078
15.75,5.10309527763649,0,0,4.63683880089988,0,0,5.1003188403158,1.51851393987789,4.32319020106021,4.7900739484263
15.8,4.94916548180577,0,0,4.48225885062853,0,0,4.94511391424081,1.41497334797082,4.16334030561825,4.63694902665469
15.85,4.79383925752557,0,0,4.32846115343088,0,0,4.78835930556438,1.30102999566398,4.00608078271609,5.19567553183154
15.9,4.64104753891706,0,0,4.17629388253877,0,0,4.63400341915904,1.14612803567824,3.85424529706612,5.04007596327232
15.95,4.48713837547719,0,0,4.02139605674197,0,0,5.19396175660583,1.04139268515822,3.69328715700565,4.88567777769361
16,4.33356817492399,0,0,3.86213137931304,0,0,5.03780484662711,0.903089986991943,3.54270096944811,4.73116957754869
16.05,4.18055594070364,0,0,3.6979264448065,0,0,4.88338885112967,0.845098040014257,3.38614210893082,4.57454054120444
16.1,4.02853058651133,0,0,3.5472823079633,5.10223469421432,0,4.7289540733483,0.698970004336019,3.24303804868629,4.42117600185209
16.15,3.87880893235921,5.10138615724264,0,3.39585037601878,4.94693836338782,0,4.57522249470084,0.602059991327962,3.09760432887441,4.26969969738437
16.2,3.72501272534116,4.94604430828397,0,3.24600590407603,5.27376727066645,0,4.42386818975325,0.301029995663981,2.94051648493257,4.11617589110035
16.25,3.5700757053216,4.7909322520993,0,3.09061070782841,5.11833748829999,0,4.27228264429086,0.301029995663981,2.78390357927273,3.9613736275948
16.3,3.40019248859258,4.63422528612007,0,2.92737036303902,4.96330133396814,0,4.11948683556464,0,2.62117628177504,3.80222623769107
16.35,5.10772877726389,4.47925850659975,0,2.78103693862113,4.80739971275948,0,3.96421247296982,0,2.45484486000851,3.65243974758942
16.4,4.95231770362719,4.3244676598937,0,2.60097289568675,4.65227535748264,0,3.81237851115419,0,2.32221929473392,3.50023647482564
16.45,4.79788356638467,4.17040841172532,0,2.45178643552429,4.49533615931354,0,3.66322963453287,0,2.15228834438306,3.34222522936079
16.5,5.23129879552286,4.02031984035731,0,2.28330122870355,4.34012670610543,0,3.49899936358015,0,2.01283722470517,3.18184358794477
16.55,5.07609040172818,3.86717275117865,0,2.14612803567824,4.18409493089584,0,3.33725953975028,0,1.86332286012046,3.02160271602824
16.6,4.92266837850407,3.71424591101789,0,2.04139268515822,4.03023529601224,0,3.18241465243455,0,1.70757017609794,2.85369821177617
16.65,4.76647977089986,3.55059520748933,0,1.91907809237607,3.87869410039611,0,3.03822263836872,0,1.51851393987789,2.68304703823885
16.7,4.60879337398693,3.3981136917305,0,1.75587485567249,3.72205777133146,0,2.87157293554588,0,1.38021124171161,2.52762990087134
16.75,5.18977095634687,3.23146959043068,0,1.6232492903979,3.55894844597804,0,2.71683772329952,0,1.17609125905568,2.41161970596323
16.8,5.03640929760525,3.0948203803548,0,1.50514997831991,3.39759243403812,0,2.58771096501891,0,1.14612803567824,2.27875360095283
16.85,4.88172123294295,2.94101424370557,5.10201498946818,1.14612803567824,3.24575935596728,0,2.4345689040342,0,5.10123826664879,2.12385164096709
16.9,4.72789082908719,2.78247262416629,4.94697762031535,1.07918124604762,3.08600370561838,0,2.29446622616159,5.10061864251471,4.94671256716492,1.95424250943932
16.95,4.57251147622018,2.62428209583567,4.79342016894078,0.602059991327962,2.92941892571429,0,2.14921911265538,4.9453405429418,4.7936367485381,1.81291335664286
17,4.41605772926304,2.40483371661994,5.23113558539979,0.602059991327962,2.76492298464989,0,2.00432137378264,4.79030627994527,4.63470896642091,1.66275783168157
17.05,4.26328091429662,2.22271647114758,5.0756929182018,0.602059991327962,2.6063813651106,0,1.81954393554187,4.63631735464686,4.4787540241459,1.51851393987789
17.1,4.10642889479341,2.04921802267018,4.92115563577708,0.602059991327962,2.46089784275655,0,1.61278385671974,4.4820012619603,4.32221929473392,1.39794000867204
17.15,3.949780208362,1.89209460269048,4.76640541049938,0.477121254719662,2.32221929473392,0,1.39794000867204,4.32803284503352,4.16687395085882,1.25527250510331
17.2,3.79643555881017,1.70757017609794,4.60950903582571,0.477121254719662,2.13987908640124,0,1.32221929473392,4.17368148972846,4.01085095737392,1.11394335230684
17.25,3.64855515566267,1.56820172406699,4.45522565309025,0.477121254719662,1.99563519459755,0,1.17609125905568,4.01840920738207,3.86165387021391,0.954242509439325
17.3,3.50119624202709,1.34242268082221,4.29741030889739,0.477121254719662,1.78532983501077,0,1.04139268515822,3.86195237492145,3.7001843296222,0.903089986991943
17.35,3.34004731766139,1.23044892137827,4.13959575846997,0,1.57978359661681,0,1,3.70543604658525,3.55497345833324,0.845098040014257
17.4,3.20139712432045,1.07918124604762,3.98739809913702,0,1.47712125471966,0,0.954242509439325,3.55738688205951,3.39880773020326,0.602059991327962
17.45,3.05804623039528,1,5.12258282495851,0,1.36172783601759,0,0.778151250383644,3.40001963506516,3.24004977211265,0.602059991327962
17.5,2.90036712865647,0.602059991327962,4.96789882676863,0,1.20411998265592,0,0.477121254719662,3.25454807710897,3.08062648692181,0.602059991327962
17.55,2.73878055848437,0.477121254719662,4.81211753496289,0,1.04139268515822,0,0.301029995663981,3.09025805293132,2.92427928606188,0.602059991327962
17.6,2.57403126772772,0.301029995663981,4.6549654512355,0,1,0,0.301029995663981,2.93701610746481,2.76342799356294,0.477121254719662
17.65,2.40483371661994,0,4.49724764541591,0,0.903089986991943,0,0,2.77085201164214,5.10254346608677,0.301029995663981
17.7,2.22788670461367,0,4.33779857726225,0,0.778151250383644,0,0,2.6222140229663,4.94827111220919,0.301029995663981
17.75,5.10131049857942,0,4.18198642448015,0,0.477121254719662,0,0,2.46538285144842,4.79271378851125,0
17.8,4.94604430828397,0,4.0231701211214,0,0.301029995663981,0,0,2.31386722036915,4.64052118750653,0
17.85,4.79068619090458,0,3.86693681773164,0,0.301029995663981,0,0,2.15533603746506,4.48565045753267,0
17.9,4.63619693193234,0,3.71349054309394,0,0.301029995663981,0,0,2.00860017176192,4.33173089281546,0
17.95,4.48135662107913,0,3.55966727838806,0,0,0,0,1.86332286012046,4.17597543174951,0
18,4.32629488781849,0,3.41161970596323,0,0,0,0,1.63346845557959,4.01757586839107,0
18.05,4.16955688243218,0,3.26576091671761,0,0,0,0,1.41497334797082,3.86498546065979,5.10079429245923
18.1,4.01519204176283,0,3.10516942799933,0,0,0,0,1.20411998265592,3.71172289182723,4.9451533364241
18.15,3.8608767964033,0,2.93651374247889,0,0,0,0,1.14612803567824,3.55291145021651,4.79166960031222
18.2,3.70884563804818,0,2.75358305889291,0,0,0,0,1.04139268515822,3.39287274540208,4.63862900740397
18.25,3.55339751012388,0,2.60745502321467,5.10262576819028,0,0,0,0.903089986991943,3.22582599146189,4.48115587082803
18.3,3.40363518979055,5.10164398549031,2.45178643552429,4.94883824869682,0,0,0,5.10264977003281,3.08062648692181,4.32682723697427
18.35,3.24229290498293,4.94768853778427,2.3096301674259,4.79496181743753,0,0,0,4.94888710511611,2.9237619608287,4.17443779645204
18.4,5.10167835102797,4.79308460665035,2.18184358794477,4.64023291365497,0,5.10056007674267,0,4.79189406728572,2.77670118398841,4.02007110353384
18.45,4.94530606359355,4.63990464496536,2.00860017176192,4.48515334990365,0,4.94556213055706,0,4.63388235302629,2.63144376901317,3.86782090804557
18.5,5.27296884353174,4.48387245422267,1.84509804001426,4.32941822054659,0,4.78984149255202,0,4.47999256210707,2.50242711998443,3.71197585435176
18.55,5.11707565331748,4.32598746621444,1.69897000433602,4.17530882458578,0,4.63326641115542,0,4.32809405781503,2.3324384599156,3.55339751012388
18.6,4.96089392519997,4.17081889803367,5.10071853060766,4.02015403163833,0,4.48005008265044,0,4.17385613898627,2.17609125905568,3.39880773020326
18.65,4.80676994214203,4.01957320209564,4.9477962995186,3.86876195821205,0,4.32668397638188,0,4.01460453343605,1.99563519459755,3.24104815067164
18.7,4.65070568672593,3.85859734499469,4.79380434891911,3.71121652432109,0,4.17190189073172,0,3.861414918636,1.82607480270083,3.08134730780413
18.75,4.4960019787014,3.70027093735644,4.63569481089192,3.56217386336465,0,4.01674092728626,0,3.70901541697212,1.69019608002851,2.91434315711944
18.8,4.33809775370654,5.11305380860001,4.48066794782179,3.40756084948636,0,3.86397678390439,0,3.55630250076729,1.46239799789896,2.75050839485135
18.85,4.18167212206827,4.95772697687259,4.32205381769557,3.25430633233129,0,3.7052648623174,0,3.38881141347352,1.25527250510331,2.60205999132796
18.9,4.02308776699544,4.80123215383029,4.16494737262184,3.10653085382238,0,3.54678935163126,0,3.22608411597582,1,2.45788189673399
18.95,3.86799751034495,4.64710900431692,4.00616642548543,2.93500315145365,0,3.38506977633193,0,3.08206693428511,0.903089986991943,2.32014628611105
19,3.70199947488964,4.49341622286713,3.8499105583015,2.78103693862113,0,3.21722065564452,0,2.92220627743902,0.698970004336019,2.18184358794477
19.05,3.54703589974001,4.33519704507756,3.69072754387037,2.61278385671974,0,3.06855689507236,0,2.77887447200274,0.602059991327962,2.07188200730613
19.1,3.38738982633873,4.18135759202845,3.5358002908249,2.43775056282039,0,2.90579588036787,0,2.59988307207369,0.477121254719662,1.91907809237607
19.15,3.2291697025391,5.13614323763573,3.3714373174041,2.32014628611105,0,2.73957234445009,0,2.40993312333129,0.301029995663981,1.77815125038364
19.2,3.08134730780413,4.98299897100874,3.22193559982801,2.11727129565576,0,2.58883172559421,0,2.2405492482826,0.301029995663981,1.65321251377534
19.25,2.92479599579791,4.8281312047211,3.06632592536204,1.92941892571429,0,5.10222096592345,0,2.05690485133647,0.301029995663981,1.50514997831991
19.3,2.76789761601809,4.67165409650552,2.91434315711944,1.75587485567249,0,4.94655051056986,0,1.90848501887865,0,1.39794000867204
19.35,2.60422605308447,4.51748621057972,2.77742682238931,1.54406804435028,0,4.79245472767039,0,1.77085201164214,0,1.23044892137827
19.4,2.49276038902684,4.36108536048883,5.1025949067292,5.10156493443232,0,4.637459708119,0,5.09944236972319,0,1.07918124604762
19.45,2.34830486304816,4.20967583457109,4.94734057877139,4.94680584505315,0,4.48248769014347,0,4.94402345915034,0,0.954242509439325
19.5,2.17026171539496,4.05061173052954,4.79181691984874,4.79386020134267,0,4.32672491280211,0,4.78816129788354,0,0.845098040014257
19.55,1.97772360528885,5.12602095183785,4.63960600341379,4.6420785290636,0,4.17216491354096,0,4.63410428182889,0,0.698970004336019
19.6,1.82607480270083,4.96972335110424,4.48283072348583,4.48550848483382,0,4.01623919104264,0,4.47500252848194,0,0.602059991327962
19.65,1.68124123737559,4.81296680498234,4.32660209196365,4.33104243629378,0,3.85925841746731,0,4.32457051721883,0,0.477121254719662
19.7,1.54406804435028,4.65763898461608,4.17143390094301,4.18155777386279,0,3.69810054562339,0,4.1709947020363,0,0.301029995663981
19.75,1.41497334797082,4.50555693866382,4.0230465840755,4.02942436405802,0,3.54444013731769,0,4.0111473607758,0,0
19.8,1.27875360095283,4.35104220573944,3.86958370771342,3.87174801899187,0,3.39550112430563,5.10187418268397,3.85636632365925,0,0
19.85,1.14612803567824,4.19915157120509,3.71466499286254,3.71374247840908,0,3.23172438332852,4.94618197507813,3.6953065224318,0,0
19.9,0.602059991327962,4.04528385139514,3.55096175229818,5.11467769101088,0,3.06557971472845,4.78912926255839,3.53466057582844,0,0
19.95,0.602059991327962,3.88756104093001,3.40122816749811,4.95970425908443,0,2.89486965674525,4.63351895200217,3.38614210893082,0,0
20,0.477121254719662,3.73495976127245,3.24797326636181,4.80397577406866,0,2.75204844781944,4.48063922939018,3.22036963245139,0,0
20.05,0.301029995663981,3.58263143948964,3.08955188288645,4.65086096867155,0,2.60422605308447,4.32758368748118,3.06595298031387,0,0
20.1,0,3.42602301568988,2.94546858513182,4.49742728010132,0,2.46239799789896,4.17231096852195,2.91592721169712,0,0
20.15,0,3.26221370547642,2.79169064902012,4.34281731463573,0,2.3384564936046,4.01936557457249,2.78031731214015,0,0
20.2,0,3.09898963940118,2.65127801399814,4.18887226077134,0,2.1846914308176,3.86391737695786,2.63848925695464,0,0
20.25,0,2.94694327069783,2.52244423350632,4.03354437609095,0,2.05307844348342,3.70943957413241,2.50514997831991,0,0
20.3,0,2.77670118398841,2.40823996531185,3.87719851527179,0,1.94448267215017,3.55822842180333,2.32428245529769,0,0
20.35,0,2.61066016308988,2.28330122870355,3.7227983968709,0,1.79934054945358,3.40908736944783,2.13672056715641,5.10096987139104,0
20.4,0,2.46982201597816,2.12710479836481,3.56749689110422,5.09971516235102,1.60205999132796,3.25188145455253,1.98227123303957,4.94741411447009,0
20.45,0,2.32837960343874,1.94939000664491,3.41094585868777,4.94416176792295,1.44715803134222,3.10002573010786,1.82607480270083,4.79216047121853,0
20.5,0,2.16136800223497,1.77085201164214,3.26126286879249,4.79098847508881,5.10074263808498,2.95085145888855,1.63346845557959,4.63576514279581,0
20.55,0,2,1.63346845557959,3.10720996964787,4.63619693193234,4.94546366113019,2.80277372529198,1.53147891704226,4.4794169372746,0
20.6,0,1.82607480270083,1.44715803134222,2.94497590841205,4.48388670717165,5.49649790526624,2.63447727016073,1.34242268082221,4.32219861355189,0
20.65,0,1.57978359661681,1.36172783601759,2.79098847508882,4.3297232240579,5.33998776680335,2.46686762035411,1.17609125905568,5.14904351130471,0
20.7,0,1.50514997831991,1.20411998265592,2.64246452024212,4.17263211668629,5.18507446287115,2.30102999566398,1.11394335230684,4.99342741224602,0
20.75,0,1.23044892137827,1,2.47275644931721,4.01849245340147,5.02991921264003,2.13353890837022,1.07918124604762,4.83656462038817,0
20.8,0,1.14612803567824,0.903089986991943,2.33445375115093,3.86911432697937,4.87436583573005,2.01283722470517,1.04139268515822,4.68228049013013,0
20.85,0,1.07918124604762,0.903089986991943,2.15836249209525,3.71550194529328,4.71801979484315,1.86923171973098,0.903089986991943,4.52781028247854,0
20.9,0,1.04139268515822,0.778151250383644,1.99563519459755,3.56253076886226,4.56489084517638,5.10149274481063,0.698970004336019,4.36906735527777,0
20.95,0,0.903089986991943,0.698970004336019,1.85125834871908,3.40976410426635,4.40859607646278,4.9462557071994,0.477121254719662,4.21439343125521,0
21,0,0.778151250383644,0.602059991327962,1.73239375982297,3.25551371281953,5.15650069178231,4.79240569877171,0.301029995663981,4.05793222738061,0
21.05,0,0.778151250383644,0.301029995663981,1.61278385671974,3.09691001300806,5.35486874940107,4.63660823842643,0,3.90509396832787,0
21.1,0,0.301029995663981,0,1.41497334797082,2.93801909747621,5.19945622274958,4.47801787046479,0,3.75120209458835,0
21.15,0,0.301029995663981,0,1.32221929473392,2.77959649125782,5.04446136081066,4.32240538106765,0,3.58961454063127,0
21.2,0,0,5.10200812190361,1.27875360095283,2.65896484266443,5.30747464356941,4.16456102926556,0,5.40590957004392,0
21.25,0,0,4.94891153126485,1.04139268515822,2.50105926221775,5.15104791782586,4.00860017176192,0,5.250249178753,0
21.3,0,0,4.79501752121262,0.778151250383644,2.34439227368511,4.99645037626882,3.85199174796216,0,5.09471563432819,0
21.35,0,0,4.64341319337494,0.698970004336019,2.19589965240923,4.84212850416752,3.69810054562339,0,4.93798904145475,0
21.4,0,0,4.48808515152975,0.477121254719662,2.07554696139253,4.68690426956818,3.55266821611219,0,4.78192044696441,0
21.45,0,0,4.33344727449675,5.10255032519114,1.90308998699194,4.53374664544215,3.39915433395822,0,4.62657644440681,0
21.5,0,0,4.18095695133407,4.94705121749146,1.79239168949825,4.37679587387972,3.24526583945746,0,4.469645317875,0
21.55,5.10135176857512,0,4.02292301187894,4.79145203724053,1.54406804435028,4.22359976464969,3.07298474462793,0,4.31371961949509,0
21.6,4.94693345602236,0,3.86805636182304,4.63539325937175,1.30102999566398,4.07088714401854,2.92839585225671,0,4.1598979010341,0
21.65,4.79187302843471,0,3.71491624799358,5.19452544191906,1.20411998265592,5.12650804389724,5.10478746273117,0,4.00642325250764,0
21.7,4.63549379981156,0,3.56502092834529,5.03979866636297,1.07918124604762,4.97256845484225,4.94848143023252,0,3.85260196933823,0
21.75,4.48330195235817,0,3.40976410426635,4.88668244924151,1,4.81837107418697,4.79249674803569,0,3.69731654173238,0
21.8,4.3282980381306,0,3.25959387888595,4.72996619820373,0.778151250383644,5.23661786551303,4.63842935013588,0,3.54740545966749,0
21.85,4.17487352888742,0,3.1044871113124,4.57702048403088,0.698970004336019,5.08088251532795,4.48429983934679,0,3.39480177716271,0
21.9,4.02263453994412,0,2.94497590841205,4.42168617182451,0,4.92630642544735,4.32970289715321,0,3.24029958200271,0
21.95,5.12668326338829,0,2.78175537465247,4.26747680113405,0,4.77091825490062,4.17501867593663,0,5.1070844132515,0
22,4.97306316662558,0,2.61804809671209,4.11300694000094,0,4.61605519497659,4.02197445511006,0,4.9533343676874,0
22.05,4.81807406201443,0,2.45331834004704,3.95674454528269,0,4.4628769551925,3.86858566655877,0,4.79998806145037,0
22.1,4.66284279402981,0,2.30102999566398,3.80604423574809,0,4.31007700532426,3.7070589406276,0,4.64419232097136,0
22.15,4.50749155896537,0,2.13672056715641,3.65667304588485,0,4.15305227506711,3.54232738277397,0,5.1961513043124,0
22.2,4.35397390232101,0,2,3.49954962590515,0,4.00194994108427,3.38632057389405,0,5.04126632656498,0
22.25,4.20005666597221,0,1.82607480270083,3.35372393758895,0,3.84503599351341,3.23729233756746,0,4.8866486217319,0
22.3,4.04446136081066,0,5.10057041245282,3.19920647916166,0,3.69072754387037,3.07188200730613,0,4.73192704469124,0
22.35,3.88303651002768,0,4.94454682455113,3.04060234011407,0,3.5278875659527,2.90471554527868,0,4.57687093556865,0
22.4,3.7359181165313,0,4.78891748390207,2.8992731873176,0,3.36847283844036,2.78461729263288,0,4.41874861624957,0
22.45,3.58115289196629,0,4.63396306753123,5.10127954350877,0,3.2143138974244,2.62838893005031,0,4.26491222459276,0
22.5,3.42439155441028,0,4.47746855140503,5.33118426658608,5.10133457322018,3.07445071895459,2.46239799789896,0,4.11116165957759,0
22.55,3.27369558793009,0,5.16764809979227,5.17695898058691,4.94658489126475,2.91222205653242,2.28555730900777,0,3.95313122518345,0
22.6,3.11958577496178,0,5.01176069648246,5.0224943558374,4.7907424457557,2.75815462196739,2.11058971029925,0,3.79657433321043,5.10000158280135
22.65,2.95568775031351,0,4.85589453394991,4.86799751034495,4.6375897858387,2.60097289568675,1.98227123303957,0,5.11648819694472,4.94715423258944
22.7,2.79934054945358,0,4.69890051165935,4.71227079119291,4.48503964536526,5.10181922130866,5.10168866015902,0,4.96126918309226,4.79171871237717
22.75,2.65321251377534,0,4.54174145009573,4.55635075302909,4.32941822054659,4.94743372188705,4.94569502887801,0,4.80783257342638,5.22867491439084
22.8,2.48572142648158,0,4.38628488676786,4.40296600158228,4.17756535574741,4.79258777821532,4.79012324125672,5.10250230918545,4.6551288264201,5.07376965636816
22.85,2.36172783601759,0,4.2311636415051,4.24870873560092,4.02645154573824,4.63776982915582,4.63504118442533,4.94686474708293,4.49943962920174,4.91861215325694
22.9,2.18184358794477,0,4.07627625540422,4.09324653110384,3.87644878687834,5.19483335481806,4.478176754288,4.79253176190131,4.34472621793986,4.76291852200795
22.95,2.04532297878666,0,3.92489926401428,3.94016771403407,3.71966268301805,5.04005220190221,4.32535143780555,4.63858908329272,4.19010748831404,4.60568206127898
23,1.90308998699194,0,3.76402660769204,3.78447464376252,3.55990662503611,4.88595457649608,4.17096540631084,4.48454183768769,4.0376654933508,4.44780898497181
23.05,1.79239168949825,0,3.60670374133367,3.63407402548747,3.3981136917305,4.72982059751929,4.01715859848781,4.33272116428913,3.87598677142849,4.29036855561727
23.1,1.68124123737559,0,3.44715803134222,3.47769992833213,3.24575935596728,4.57503766395699,3.86474833562966,4.1773344555057,3.72082058177034,4.13404954274051
23.15,1.54406804435028,0,3.28352736486169,3.31827208021163,3.09864372581706,4.4205827933311,3.71290212504722,4.02185057743432,3.56784945057311,3.97708312031585
23.2,1.27875360095283,0,3.13065534902203,3.15289959639375,2.9434945159061,4.26618464165091,3.55642312137129,3.86551851907477,3.41580772763554,3.82672252016899
23.25,5.10155462236386,0,2.9804578922761,3.0111473607758,2.80208925788173,4.10829435094009,3.39672227850377,5.11641512421503,3.26951294421792,3.66894473445773
23.3,4.9465112150141,5.10084938368756,2.81291335664286,2.86805636182304,2.62838893005031,3.95741571472267,3.24895361549571,4.96123119704466,3.11159852488039,3.51785541893003
23.35,4.79123436512437,4.94694817795238,2.64542226934909,2.72427586960079,2.45788189673399,3.79878871395125,3.07371835034612,4.80691222825618,2.95712819767681,3.36436335461573
23.4,4.63573500194596,4.79239168949825,2.5092025223311,2.56702636615906,2.30749603791321,3.64699153747712,2.92737036303902,4.65243007930545,2.81157500587059,5.10458952717937
23.45,4.48218731354459,4.63552395740537,2.3654879848909,2.40654018043395,2.13033376849501,3.48756256025638,2.76715586608218,4.49419635109572,2.66181268553726,4.95021876664186
23.5,4.3299873872788,4.48046687890896,2.22530928172586,2.2718416065365,1.9731278535997,3.33645973384853,2.60097289568675,4.33919297409966,2.4996870826184,4.79385322018253
23.55,4.17175569808824,4.32382940017567,5.10165085881539,2.12710479836481,1.81954393554187,3.17143390094301,2.45024910831936,4.18525876529658,2.3324384599156,4.63875873542425
23.6,4.01410032151962,4.16888034241364,4.94705612352644,1.9731278535997,1.67209785793572,3.02448566769917,2.26951294421792,4.02694162795903,2.17318626841227,4.48495434742098
23.65,3.85624540079005,4.01515010322947,4.7916836328975,1.78532983501077,1.55630250076729,2.87794695162919,2.11727129565576,3.86752641119974,2.01703333929878,4.32986548575801
23.7,3.70346334188329,3.85672889038288,4.63738965012921,1.56820172406699,1.43136376415899,2.71767050300226,1.99563519459755,3.70748501196747,1.82607480270083,4.17527981844238
23.75,3.54555450723406,3.7036352375839,4.48218731354459,1.41497334797082,1.17609125905568,2.55022835305509,1.88649072517248,3.5532760461371,1.70757017609794,4.01468851187234
23.8,3.39984671271292,3.54678935163126,4.32719540450323,1.30102999566398,1.07918124604762,2.39619934709574,1.69019608002851,3.40414924920969,5.09879250242429,3.85467033189534
23.85,3.24204423936955,3.39497671955456,4.17166795887479,1.14612803567824,1.04139268515822,2.20411998265592,1.47712125471966,3.26197619139781,4.94394440578535,3.69635638873333
23.9,3.07077646284343,3.24353410183206,4.02081688702891,1,0.954242509439325,2.09342168516224,1.38021124171161,3.10653085382238,4.78518029805424,3.5398285583779
23.95,2.89652621748955,3.08206693428511,3.86975959478241,0.954242509439325,0.845098040014257,1.95904139232109,1.23044892137827,2.94101424370557,4.62897100534509,3.38291713508753
24,2.72754125702856,2.9237619608287,3.71708772492702,0.845098040014257,0.698970004336019,1.79934054945358,0.903089986991943,2.79169064902012,5.19301044185402,3.21984638602436
24.05,2.58319877396862,2.74429298312268,3.57089303621839,0.845098040014257,0.301029995663981,1.67209785793572,0.845098040014257,2.65801139665711,5.03916417921062,3.05804623039528
24.1,5.10099740674472,2.60530504614111,3.40807028588718,0.778151250383644,0.301029995663981,1.5910646070265,0.698970004336019,2.48713837547719,4.88375793431675,5.1054829340652
24.15,4.94711989693841,2.44247976906445,3.24772783290972,0.698970004336019,0.301029995663981,1.34242268082221,0.698970004336019,2.36172783601759,4.72611567011036,4.94995081143237
24.2,4.79438346878447,5.10052906813629,3.0899051114394,0.698970004336019,0.301029995663981,1.17609125905568,0.698970004336019,2.20682587603185,4.57172047493631,4.79513586801732
24.25,4.63983498030274,4.9470021540932,2.94250410616808,0.602059991327962,0.301029995663981,0.845098040014257,0.698970004336019,2.01703333929878,4.4168733997768,4.64028262969668
24.3,4.48424287895823,4.79140991566716,2.80140371001735,0.301029995663981,0.301029995663981,0.778151250383644,0.602059991327962,1.88649072517248,4.25803833837056,5.19418954023616
24.35,4.32907229075473,4.63464853583428,2.64836001098093,0,0.301029995663981,0.698970004336019,0.602059991327962,1.74036268949424,4.10438467128788,5.03891012457295
24.4,4.17516377449195,4.47895588745453,2.48995847942483,5.1024577181405,0.301029995663981,0.477121254719662,0.301029995663981,1.60205999132796,3.94855966210896,4.88482933611295
24.45,4.02428037604708,4.32405598681495,2.30102999566398,4.94567042114588,0.301029995663981,0,0,1.46239799789896,3.7979596437372,5.25659268194161
24.5,3.87413377882797,4.16743549404204,2.11394335230684,4.79072838272604,0,0,0,1.23044892137827,5.40908228995051,5.10103182348195
24.55,3.71633728788955,4.01657374626912,1.91907809237607,4.6353530366778,0,0,0,0.954242509439325,5.25383454262195,4.94820750763444
24.6,3.55545721720465,5.12571217739779,5.09886860098448,4.48105546089337,0,0,0,0.778151250383644,5.09899309714603,4.79240569877171
24.65,3.40312052117582,4.96922947986264,4.94313822853941,4.32878720035453,0,0,0,0.477121254719662,4.94447280170887,4.64022296976364
24.7,3.24600590407603,4.81574373131192,4.78775793165305,4.17292386362854,0,0,0,0.301029995663981,4.7891716058999,4.48260206469906
24.75,3.09412159584056,4.65805911870341,4.63395297903844,4.02118929906994,0,5.09916594929751,0,0,4.63537314849043,4.32715451240943
24.8,2.931457870689,4.50317760941806,4.48017947602513,3.86326336365048,0,4.94620163820113,0,0,4.47897030267259,4.17163870853082
24.85,2.79726754083072,5.17137536674494,4.32582341900274,3.71070956572434,0,5.27451114730674,0,0,4.32492005001992,4.01502426332462
24.9,2.62940959910272,5.01597554728984,4.17128755065286,3.55906833403454,0,5.11840693176706,0,0,4.17397253281796,3.861414918636
24.95,2.46089784275655,4.86205381980182,4.01531783306912,3.39880773020326,0,4.96366507460218,0,0,4.02031984035731,5.1153108949105
25,2.32428245529769,4.70648734889593,3.86051767746175,3.23854788768133,0,4.81001060809217,0,0,3.86575522407145,4.95906048176888
25.05,2.14921911265538,4.55355536253681,3.70337736851235,3.09412159584056,0,4.65479239873118,0,0,3.71875073473966,4.80645132324726
25.1,2.02530586526477,4.40262242774853,3.55810830163055,2.95085145888855,0,4.50112775752298,0,0,3.5641924606262,4.64921799245627
25.15,1.88649072517248,4.24358367599819,3.40517554621799,2.79169064902012,0,4.34584404319262,0,0,3.40874860618424,4.49451635537372
25.2,1.67209785793572,4.08817153986435,3.25285303097989,2.63748972951251,0,5.15090680555548,0,0,3.26078666865498,4.33901394511111
25.25,1.44715803134222,3.93631263366219,3.10653085382238,2.4814426285023,0,4.9970585737274,0,0,3.11461098423217,4.18181501499947
25.3,1.39794000867204,3.78774377164647,2.96236933567002,2.34044411484012,0,5.2917616692863,0,0,2.96284268120124,4.02950552542658
25.35,1.32221929473392,5.11677704598868,2.81291335664286,2.18184358794477,0,5.13737943392588,0,0,2.80888586735981,3.88206894443615
25.4,1.23044892137827,4.96204242619299,2.64048143697042,2.02938377768521,0,4.98334207626287,0,0,2.63748972951251,3.72419391951433
25.45,1,5.28050552661046,2.4983105537896,1.88081359228079,0,4.82873076967344,0,0,2.47712125471966,3.57403126772772
25.5,0.903089986991943,5.12440639974503,2.38560627359831,1.74036268949424,0,4.6720331709616,0,0,2.33041377334919,3.42683645380351
25.55,0.698970004336019,4.9715448794952,2.24551266781415,1.61278385671974,0,4.51942106213329,0,0,2.14612803567824,3.2692793897719
25.6,0.477121254719662,4.81657932136812,2.08635983067475,1.44715803134222,0,4.36314170969795,0,0,1.96378782734556,3.11494441571258
25.65,0,4.66154767560241,1.94939000664491,1.27875360095283,0,4.20900535788576,0,0,1.76342799356294,2.94792361983173
25.7,0,5.19938488209229,1.81291335664286,1.17609125905568,0,4.05254004593402,0,0,1.56820172406699,2.79518458968242
25.75,0,5.04381009747466,1.64345267648619,1.04139268515822,0,3.89938270553326,0,0,1.41497334797082,2.64836001098093
25.8,0,4.88832554512104,1.50514997831991,0.778151250383644,0,3.74209640230324,0,0,5.09967718883415,2.4814426285023
25.85,0,4.73257065857941,1.34242268082221,0.698970004336019,0,3.5798978696031,0,5.10183983263951,4.94526665527195,2.31386722036915
25.9,0,4.57777893669522,1.17609125905568,0.698970004336019,0,3.42942926438179,0,4.94627045212163,4.7914169362131,2.17026171539496
25.95,0,4.41916239558488,1,0.698970004336019,0,3.28802553538836,0,4.79218850423388,4.63539325937175,2.00432137378264
26,0,4.26429824719022,0.602059991327962,0,0,3.1296898921993,0,4.63571490688387,5.19371161258287,1.82607480270083
26.05,0,4.10853119885787,0.602059991327962,0,0,2.96894968098134,0,4.4811702132095,5.03823456937192,1.73239375982297
26.1,0,3.95221105810867,0,0,0,2.80482067872116,0,5.1667319723583,4.88429113120337,1.55630250076729
26.15,0,3.79643555881017,0,0,0,2.64542226934909,0,5.01166769437373,5.25424345664123,5.09789907732145
26.2,0,3.64117654661311,0,0,0,2.49415459401844,0,4.85433641098272,5.09989807913495,4.94253880867854
26.25,0,3.48158593636762,0,0,0,2.32633586092875,0,4.70069506577435,4.94320257982966,4.78931977509219
26.3,0,3.31302311032324,0,0,0,2.15836249209525,0,4.54261382796405,4.78748881254863,4.63318556705953
26.35,0,5.10489662994897,0,0,0,2.01283722470517,0,4.38526656895753,5.22775305497978,4.47974801476975
26.4,0,4.94988257824613,5.10152368468927,0,0,5.10133113406749,0,4.23003998115794,5.0725403107721,4.32506389356489
26.45,0,4.7952263467597,4.94660453615418,0,0,4.94450734727201,0,4.07346172927983,4.91817193146588,4.16996817399689
26.5,0,4.63876871289785,4.79284675972606,0,0,4.79105874359183,0,3.91460756777108,4.76363011808952,4.01481444908705
26.55,0,4.48273070007994,4.63746971548076,0,0,4.63533292393376,0,3.76125107430866,4.6069399985686,3.85991848520072
26.6,0,4.33112348784665,5.19496921090664,0,0,4.48124191801292,0,3.60433407310291,4.45304299571482,3.70893053580662
26.65,0,4.17756535574741,5.04027392414888,0,0,5.1689127226835,0,3.44808766669234,4.30228762697621,3.55786796156802
26.7,0,4.02218083941367,4.8847557263987,0,0,5.01376806217802,0,3.28284860283464,5.14839594560442,3.40260524191991
26.75,0,5.12603394805181,4.7286459192823,0,0,4.85684967872517,0,3.12807601266872,4.99307894801072,3.24526583945746
26.8,0,4.9721611663336,4.57281353755945,0,0,4.70193046531862,0,2.97358962342726,4.83811205329858,3.09061070782841
26.85,0,4.8181004713233,4.41557426286985,0,0,4.54797150814723,0,2.8055008581584,4.68413591340256,2.91487181754005
26.9,0,4.6646795751823,4.25794243057314,5.09981525843748,0,4.39063488115188,0,2.65417654187796,4.52648143386255,2.77158748088126
26.95,0,4.50948478922394,4.10363270520974,4.94460603374222,0,5.15674596266678,0,2.48713837547719,4.37454672793896,2.61066016308988
27,0,4.35564305022087,3.94899945402695,4.79055255642187,0,5.00094139797794,0,5.10126234529387,4.2148438480477,2.45939248775923
27.05,0,4.19959064060369,3.79393000677268,4.63699912002383,0,4.84651030046339,0,4.94761014881571,4.05686675365831,2.30749603791321
27.1,0,4.04606573023069,3.63818964019084,4.47927291177686,0,5.24473468297895,0,4.79163451686521,3.90222052827931,2.18752072083646
27.15,0,3.8782919492498,3.48029446000301,4.32625391084229,0,5.39734200794602,0,4.63619693193234,3.74476223706558,2.03742649794062
27.2,0,3.72139837552151,3.32076922833869,4.17137536674494,0,5.47825473053489,0,4.47826339369816,5.11678700287484,5.10208709234031
27.25,0,3.56513915196979,3.17551181336345,4.01795106883074,0,5.3243050956521,0,4.32514606849075,4.96238354354498,4.94556705344239
27.3,0,3.40807028588718,3.01199311465926,3.86510397464113,0,5.16983307830027,0,4.16976257690291,4.80785961289854,4.79013028263294
27.35,0,3.25163822044821,2.83821922190763,5.11819195168626,0,5.36101538665629,0,4.01857568346725,4.65275868027325,4.63673857138595
27.4,0,3.0927206446841,2.69983772586725,4.96442935382901,0,5.20646966246091,0,5.12473565646433,4.49384825271228,4.48344464809853
27.45,0,2.93601079571521,2.54530711646582,4.81032662734501,0,5.05143809779432,0,4.96901031937151,4.33992820777851,4.32813486154333
27.5,0,2.79309160017658,2.38738982633873,4.65530174494729,0,5.31171360750663,0,4.81392108606777,4.18272841812427,4.17900570756482
27.55,5.10159586916866,5.10557489834168,2.23552844690755,4.50062063626767,0,5.42989433079985,0,5.23597009165736,4.02612451674545,4.02538779989041
27.6,4.9456212014983,4.95117231945641,2.05690485133647,4.34588321293171,0,5.27317958571974,0,5.08108434680725,3.87139778148748,3.87209797427423
27.65,4.79068619090458,4.79445319016556,1.93951925261862,4.19287397154252,0,5.1182415719203,0,4.92537398179003,3.71206014246107,3.71575271682286
27.7,4.63445711681694,4.63801976555958,1.84509804001426,4.03806352699786,0,4.96547922202737,0,4.77046907484759,3.56288738129388,3.56749689110422
27.75,4.48129927333285,4.48056742500169,1.77815125038364,3.88750477423538,0,4.81126660092737,0,4.61434873116257,3.41145134213794,5.10893354411451
27.8,4.32592595577147,4.32345836684947,1.56820172406699,3.73271534034999,0,4.65335725448053,0,4.45979944810315,3.25478968739721,4.95476335037551
27.85,4.1735067702081,4.16702179579026,1.25527250510331,3.58274496569128,0,4.49935711338746,5.1011488199915,4.30869244220126,3.10311925354571,4.79874729800813
27.9,4.01736728355353,4.00902574208691,0.845098040014257,3.42406452541749,0,4.34370393178321,4.9460295556817,5.14758667413472,2.92890769024395,4.64402477859146
27.95,3.86153441085904,3.85266294434457,5.10123482673337,3.2626883443017,0,4.18996729835127,4.79083384435029,4.99254909975796,2.75815462196739,5.19495534998734
